Modo,Frequência FEM (GHz),Frequência Teórica (GHz),Erro Relativo (%)
1,11.487182583169451,33.498932421982126,65.70880994514464
2,18.31523552881188,30.462256107788765,39.875643274731274
3,18.31525826867344,26.356058576017865,30.508356490985268
4,24.569356207945106,24.517818983306476,0.21020313704787616
5,24.56944771440565,18.296452257844287,34.28531044247622
6,26.41689887814339,11.483029144080248,130.05165750852316
